Day_of_week,Month,Day_of_month,Year,Apartment,Maisonette,Garage,Pool,Garden,City,Price
Monday,April,11,2016,y,n,n,n,n,MARSASCALA,NaN
Monday,April,11,2016,n,n,n,n,n,SIĠĠIEWI,"110,000"
Sunday,April,10,2016,n,n,n,n,n,AN EXCELLENT OPPORTUNITY,"395,000"
Sunday,April,10,2016,n,n,y,n,n,ATTARD,"215,000"
Sunday,April,10,2016,n,n,n,n,n,ATTARD,"197,000"
Sunday,April,10,2016,n,n,y,n,n,ATTARD,"318,000"
Sunday,April,10,2016,n,n,n,n,y,ATTARD,"1,350"
Sunday,April,10,2016,y,n,y,n,n,ATTARD,"195,000"
Sunday,April,10,2016,n,n,n,n,n,ATTARD,"1,500"
Sunday,April,10,2016,n,n,n,n,n,ATTARD,NaN
Sunday,April,10,2016,n,y,y,n,n,ATTARD,"265,000"
Sunday,April,10,2016,n,n,y,n,n,ATTARD,"29,000"
Sunday,April,10,2016,n,n,y,y,n,ATTARD,"550,000"
Sunday,April,10,2016,n,y,y,n,n,ATTARD,"320,000"
Sunday,April,10,2016,y,n,y,n,n,ATTARD,"280,000"
Sunday,April,10,2016,y,n,n,n,n,ATTARD,"205,000"
Sunday,April,10,2016,y,n,n,n,n,ATTARD,"155,000"
Sunday,April,10,2016,n,y,n,n,n,NaN,NaN
Sunday,April,10,2016,n,n,y,y,y,BAĦAR IĊ-ĊAGĦAQ,NaN
Sunday,April,10,2016,n,y,y,n,n,BAĦAR IĊ-ĊAGĦAQ,"275,000"
Sunday,April,10,2016,n,y,y,n,n,BAĦAR IĊ-ĊAGĦAQ,"275,000"
Sunday,April,10,2016,n,n,y,y,n,BAĦAR IĊ-ĊAGĦAQ,NaN
Sunday,April,10,2016,n,n,y,y,n,BAĦAR IĊ-ĊAGĦAQ,"699,000"
Sunday,April,10,2016,n,y,y,n,n,BAĦAR IĊ-ĊAGĦAQ,"255,000"
Sunday,April,10,2016,y,n,n,n,n,BAĦAR IĊ-ĊAGĦAQ,"375,000"
Sunday,April,10,2016,n,y,y,n,n,BAĦAR IĊ-ĊAGĦAQ,"550,000"
Sunday,April,10,2016,y,y,y,n,n,BAĦRIJA,"155,000"
Sunday,April,10,2016,y,n,n,n,n,BAĦRIJA,"205,350"
Sunday,April,10,2016,n,y,n,n,n,BALZAN,"180,000"
Sunday,April,10,2016,y,n,y,n,n,BALZAN,"150,000"
Sunday,April,10,2016,y,n,n,n,n,BALZAN,"146,000"
Sunday,April,10,2016,n,y,y,n,n,BALZAN,"238,000"
Sunday,April,10,2016,n,n,y,n,n,BALZAN,"238,000"
Sunday,April,10,2016,y,n,n,n,n,BALZAN,"127,000"
Sunday,April,10,2016,n,n,n,n,n,BALZAN,"85,000"
Sunday,April,10,2016,n,n,n,y,n,BIDNI,"840,000"
Sunday,April,10,2016,y,n,n,y,n,BIRGUMA,"245,000"
Sunday,April,10,2016,n,n,n,y,n,BIRGUMA,"720,000"
Sunday,April,10,2016,n,n,n,n,n,BIRGUMA,NaN
Sunday,April,10,2016,n,y,n,n,n,BIRKIRKARA,"371,000"
Sunday,April,10,2016,n,y,n,n,n,BIRKIRKARA,"177,000"
Sunday,April,10,2016,y,n,n,n,n,BIRKIRKARA,"148,000"
Sunday,April,10,2016,n,n,n,n,n,BIRKIRKARA,"380,000"
Sunday,April,10,2016,n,n,n,n,n,BIRKIRKARA,"149,000"
Sunday,April,10,2016,n,n,n,n,n,BIRKIRKARA,"138,000"
Sunday,April,10,2016,y,n,n,n,n,BIRKIRKARA,"155,000"
Sunday,April,10,2016,n,n,n,n,n,BIRKIRKARA,NaN
Sunday,April,10,2016,n,y,n,n,n,BIRKIRKARA,"138,000"
Sunday,April,10,2016,y,n,n,n,n,BIRKIRKARA,"129,500"
Sunday,April,10,2016,n,n,y,n,n,BIRKIRKARA,NaN
Sunday,April,10,2016,y,n,n,n,n,BIRKIRKARA,"160,000"
Sunday,April,10,2016,n,n,n,n,n,BIRKIRKARA,"140,000"
Sunday,April,10,2016,y,n,n,n,n,BIRKIRKARA,"108,000"
Sunday,April,10,2016,y,n,n,n,n,BIRKIRKARA,"95,000"
Sunday,April,10,2016,y,n,n,n,n,BIRKIRKARA,"106,000"
Sunday,April,10,2016,n,n,y,n,y,BIRKIRKARA,"430,000"
Sunday,April,10,2016,n,n,n,n,y,BIRKIRKARA,"375,000"
Sunday,April,10,2016,n,y,y,n,n,BIRŻEBBUĠA,"80,000"
Sunday,April,10,2016,n,n,n,n,n,BIRŻEBBUĠA,"210,000"
Sunday,April,10,2016,n,n,n,n,n,BUĠIBBA,"353,000"
Sunday,April,10,2016,n,n,n,n,n,BUĠIBBA,"69,000"
Sunday,April,10,2016,n,y,n,n,n,BUĠIBBA,"123,000"
Sunday,April,10,2016,y,n,n,n,n,BUĠIBBA,"90,000"
Sunday,April,10,2016,n,n,n,n,n,COSPICUA ,"145,000"
Sunday,April,10,2016,n,n,n,n,n,COSPICUA ,"110,000"
Sunday,April,10,2016,n,n,n,n,n,DINGLI,"315,000"
Sunday,April,10,2016,n,n,y,n,n,DINGLI,"400,000"
Sunday,April,10,2016,y,n,n,n,n,FGURA,"88,000"
Sunday,April,10,2016,n,n,n,n,n,FGURA,"105,000"
Sunday,April,10,2016,y,n,n,n,n,FGURA,"115,000"
Sunday,April,10,2016,n,n,n,n,n,FGURA,"95,000"
Sunday,April,10,2016,n,y,n,n,n,FGURA,"170,000"
Sunday,April,10,2016,y,n,n,n,n,FGURA,"90,000"
Sunday,April,10,2016,n,y,n,n,n,FLORIANA,"110,000"
Sunday,April,10,2016,n,y,n,n,n,FLORIANA,"140,000"
Sunday,April,10,2016,n,n,n,n,n,FLORIANA,"175,000"
Sunday,April,10,2016,n,n,n,n,n,FLORIANA,"144,000"
Sunday,April,10,2016,y,n,n,n,n,FORT CAMBIRDGE,"315,000"
Sunday,April,10,2016,y,n,n,n,n,FORT CAMBRIDGE,"570,000"
Sunday,April,10,2016,y,n,n,n,n,GĦADIRA,"129,000"
Sunday,April,10,2016,n,n,n,n,n,GĦARGĦUR,NaN
Sunday,April,10,2016,y,n,y,n,n,GĦARGĦUR,"195,000"
Sunday,April,10,2016,n,y,y,n,n,GĦARGĦUR,"221,000"
Sunday,April,10,2016,y,n,y,n,n,GĦARGĦUR,"245,000"
Sunday,April,10,2016,y,n,y,n,n,GĦARGĦUR,"195,000"
Sunday,April,10,2016,n,n,y,y,n,GĦAXAQ,"360,000"
Sunday,April,10,2016,y,n,n,n,n,GĦAXAQ,"96,500"
Sunday,April,10,2016,y,n,n,n,n,GĦAXAQ,"85,000"
Sunday,April,10,2016,n,n,n,n,n,GOZO,"180,000"
Sunday,April,10,2016,y,n,n,n,n,GOZO,"160,000"
Sunday,April,10,2016,y,n,n,n,n,GOZO,"63,000"
Sunday,April,10,2016,n,y,y,y,n,GOZO,"165,000"
Sunday,April,10,2016,n,y,n,y,n,GOZO,"205,000"
Sunday,April,10,2016,n,n,n,n,y,GOZO,"340,000"
Sunday,April,10,2016,y,n,n,n,n,GOZO,"85,000"
Sunday,April,10,2016,n,n,n,n,n,GOZO,"105,000"
Sunday,April,10,2016,y,n,n,n,n,GOZO,"90,000"
Sunday,April,10,2016,n,n,n,n,n,GOZO,NaN
Sunday,April,10,2016,n,n,n,n,n,GOZO,"400,000"
Sunday,April,10,2016,y,n,n,n,n,GOZO,"115,000"
Sunday,April,10,2016,n,n,n,y,y,GOZO,"189,000"
Sunday,April,10,2016,n,y,n,y,n,GOZO,"180,000"
Sunday,April,10,2016,n,n,y,n,n,GOZO,"10,000"
Sunday,April,10,2016,n,n,y,y,n,GOZO,"395,000"
Sunday,April,10,2016,n,y,n,n,n,GOZO,"185,000"
Sunday,April,10,2016,y,n,n,n,n,GOZO,"115,000"
Sunday,April,10,2016,n,y,n,y,n,GOZO,"295,000"
Sunday,April,10,2016,n,n,n,y,y,GOZO,"230,000"
Sunday,April,10,2016,y,n,n,n,n,GOZO,"75,000"
Sunday,April,10,2016,n,y,y,n,n,GOZO,"110,000"
Sunday,April,10,2016,y,n,y,n,n,GOZO,"120,000"
Sunday,April,10,2016,n,n,n,n,n,GOZO,"82,000"
Sunday,April,10,2016,y,n,y,n,n,GOZO,"180,000"
Sunday,April,10,2016,n,n,y,n,n,GOZO,"215,000"
Sunday,April,10,2016,n,n,n,n,n,GOZO,"180,000"
Sunday,April,10,2016,n,n,y,y,n,GOZO,"260,000"
Sunday,April,10,2016,n,n,n,n,n,GOZO,NaN
Sunday,April,10,2016,n,y,n,n,n,GOZO,"150,000"
Sunday,April,10,2016,n,n,y,n,n,GOZO,"233,000"
Sunday,April,10,2016,n,y,n,n,n,GOZO,NaN
Sunday,April,10,2016,y,n,y,n,n,GUARDAMANGIA,"145,000"
Sunday,April,10,2016,y,n,n,n,n,GUARDAMANGIA,"137,000"
Sunday,April,10,2016,n,n,n,n,n,GUARDAMANGIA,"100,000"
Sunday,April,10,2016,y,n,n,n,n,GUDJA,"115,000"
Sunday,April,10,2016,y,n,n,n,n,GŻIRA,"495,000"
Sunday,April,10,2016,y,n,n,n,n,GŻIRA,NaN
Sunday,April,10,2016,n,n,n,n,n,GŻIRA,"535,000"
Sunday,April,10,2016,y,n,n,n,n,GŻIRA,"145,000"
Sunday,April,10,2016,n,n,n,n,n,GŻIRA,"125,000"
Sunday,April,10,2016,y,n,n,n,n,GŻIRA,"148,000"
Sunday,April,10,2016,y,n,n,n,n,GŻIRA,"189,000"
Sunday,April,10,2016,y,n,n,n,n,GŻIRA,NaN
Sunday,April,10,2016,n,n,n,n,n,GŻIRA,"630,000"
Sunday,April,10,2016,y,n,n,n,n,GŻIRA,"210,000"
Sunday,April,10,2016,n,n,n,n,n,GŻIRA,"295,000"
Sunday,April,10,2016,y,n,n,n,n,GŻIRA,"125,000"
Sunday,April,10,2016,y,n,n,n,n,GŻIRA,"195,000"
Sunday,April,10,2016,y,n,n,n,n,GŻIRA,"155,000"
Sunday,April,10,2016,y,n,n,n,n,GŻIRA,"165,000"
Sunday,April,10,2016,y,n,n,n,n, SLIEMA,NaN
Sunday,April,10,2016,n,n,n,n,n,ĦAMRUN,"160,000"
Sunday,April,10,2016,n,n,n,n,n,ĦAMRUN,"109,500"
Sunday,April,10,2016,y,n,n,n,n,ĦAMRUN,"160,000"
Sunday,April,10,2016,n,n,n,n,n,ĦAMRUN,NaN
Sunday,April,10,2016,n,n,n,n,n,ĦAMRUN,"60,000"
Sunday,April,10,2016,n,n,n,n,n,ĦAMRUN,"88,500"
Sunday,April,10,2016,n,y,n,n,n,IKLIN,"205,000"
Sunday,April,10,2016,n,n,y,y,y,IKLIN,"1,400"
Sunday,April,10,2016,n,y,y,n,n,IKLIN,"175,000"
Sunday,April,10,2016,n,y,n,n,n,IKLIN,NaN
Sunday,April,10,2016,n,y,n,n,n,IKLIN,"265,000"
Sunday,April,10,2016,n,y,n,n,n,IKLIN,"199,000"
Sunday,April,10,2016,n,y,n,n,n,IKLIN,"159,500"
Sunday,April,10,2016,n,n,n,n,n,IKLIN,NaN
Sunday,April,10,2016,n,n,n,y,n,IL-QORTIN,NaN
Sunday,April,10,2016,n,n,n,y,n,KALKARA,"738,000"
Sunday,April,10,2016,n,n,n,y,n,KAPPARA,NaN
Sunday,April,10,2016,n,y,n,n,n,KAPPARA,"212,000"
Sunday,April,10,2016,n,y,y,n,n,KAPPARA,"230,000"
Sunday,April,10,2016,n,n,y,n,y,KAPPARA,"867,000"
Sunday,April,10,2016,n,n,n,n,n,KIRKOP,"165,000"
Sunday,April,10,2016,y,n,n,n,n,KIRKOP,"113,000"
Sunday,April,10,2016,n,n,n,n,n,KIRKOP,"122,000"
Sunday,April,10,2016,n,y,n,n,n,LIJA ,NaN
Sunday,April,10,2016,n,y,n,n,n,LIJA,"235,000"
Sunday,April,10,2016,y,n,n,n,n,LIJA,"340,000"
Sunday,April,10,2016,y,n,n,n,n,LIJA,NaN
Sunday,April,10,2016,n,n,y,n,y,LUQA,"550,000"
Sunday,April,10,2016,y,n,n,n,n,LUQA,"105,000"
Sunday,April,10,2016,y,n,n,n,n,LUQA,"90,000"
Sunday,April,10,2016,n,n,n,n,n,MADLIENA RIDGE,"1,250"
Sunday,April,10,2016,n,n,y,y,n,MADLIENA,"1,350"
Sunday,April,10,2016,n,n,n,y,n,MADLIENA,"1,750"
Sunday,April,10,2016,n,n,n,n,n,MADLIENA,"1,250"
Sunday,April,10,2016,n,n,n,n,n,MADLIENA,NaN
Sunday,April,10,2016,n,n,n,n,n,MANIKATA,"380,000"
Sunday,April,10,2016,n,n,n,n,n,MANIKATA,"130,000"
Sunday,April,10,2016,n,n,y,y,n,MANIKATA,"680,000"
Sunday,April,10,2016,y,y,n,n,n,MARSASCALA,"115,000"
Sunday,April,10,2016,n,n,n,n,n,MARSASCALA,"108,000"
Sunday,April,10,2016,y,n,n,n,n,MARSASCALA,"102,000"
Sunday,April,10,2016,y,n,y,n,n,MARSASCALA,"130,000"
Sunday,April,10,2016,n,n,n,n,n,MARSASCALA,"298,000"
Sunday,April,10,2016,n,n,n,n,n,MARSASCALA,"485,000"
Sunday,April,10,2016,y,n,n,n,n,MARSASCALA,"106,500"
Sunday,April,10,2016,n,n,n,n,n,MARSASCALA,"240,000"
Sunday,April,10,2016,n,n,n,y,n,MARSASCALA,"405,000"
Sunday,April,10,2016,n,n,y,n,n,MARSASCALA,NaN
Sunday,April,10,2016,y,n,n,y,n,MARSASCALA,"325,000"
Sunday,April,10,2016,y,n,n,n,n,MARSASCALA,"99,000"
Sunday,April,10,2016,n,n,n,n,n,MARSASCALA,"148,000"
Sunday,April,10,2016,n,n,n,n,n,MARSASCALA,"158,500"
Sunday,April,10,2016,n,n,n,n,n,MARSASCALA,"160,000"
Sunday,April,10,2016,n,n,y,n,n,MARSASCALA,"158,000"
Sunday,April,10,2016,y,n,y,n,n,MARSASCALA,"108,000"
Sunday,April,10,2016,n,n,n,n,n,MARSASCALA,"210,000"
Sunday,April,10,2016,n,n,y,n,n,MARSASCALA,"155,000"
Sunday,April,10,2016,n,y,n,n,n,MARSASCALA,"122,000"
Sunday,April,10,2016,y,n,n,n,n,MARSASCALA,"245,000"
Sunday,April,10,2016,y,n,n,n,n,MARSASCALA,"140,000"
Sunday,April,10,2016,n,y,y,n,n,MARSASCALA,"335,000"
Sunday,April,10,2016,n,n,y,y,n,MARSASCALA,NaN
Sunday,April,10,2016,y,n,n,n,n,MARSASCALA,"86,000"
Sunday,April,10,2016,n,n,y,n,n,MARSASCALA,"36,000"
Sunday,April,10,2016,y,n,n,n,n,MARSASCALA,"125,000"
Sunday,April,10,2016,n,n,y,y,n,MARSAXLOKK,"650,000"
Sunday,April,10,2016,n,n,y,n,n,MARSAXLOKK,"247,000"
Sunday,April,10,2016,n,n,n,n,n,MELLIEĦA HEIGHTS,"129,000"
Sunday,April,10,2016,y,n,y,n,n,MELLIEĦA HEIGHTS,"200,000"
Sunday,April,10,2016,n,n,y,n,n,MELLIEĦA,"235,000"
Sunday,April,10,2016,n,n,y,y,n,MELLIEĦA,"873,000"
Sunday,April,10,2016,n,n,y,n,n,MELLIEĦA,"680,000"
Sunday,April,10,2016,n,n,n,n,n,MELLIEĦA,"126,000"
Sunday,April,10,2016,n,n,y,n,n,MELLIEĦA,"190,000"
Sunday,April,10,2016,n,y,n,n,n,MELLIEĦA,"184,000"
Sunday,April,10,2016,n,y,n,n,n,MELLIEĦA,"245,000"
Sunday,April,10,2016,n,y,n,n,n,MELLIEĦA,"260,000"
Sunday,April,10,2016,n,n,n,n,n,MELLIEĦA,"170,000"
Sunday,April,10,2016,n,n,n,n,n,MELLIEĦA,"145,000"
Sunday,April,10,2016,y,n,n,n,n,MELLIEĦA,"180,000"
Sunday,April,10,2016,n,n,n,n,n,MELLIEĦA,"190,000"
Sunday,April,10,2016,n,n,y,n,n,MELLIEĦA,"143,000"
Sunday,April,10,2016,y,n,n,n,n,MELLIEĦA,"195,000"
Sunday,April,10,2016,y,n,y,n,n,MELLIEĦA,"220,000"
Sunday,April,10,2016,n,n,y,n,n,MELLIEĦA,"165,000"
Sunday,April,10,2016,y,n,n,n,n,MELLIEĦA,"200,000"
Sunday,April,10,2016,n,n,n,n,n,MELLIEĦA,"180,000"
Sunday,April,10,2016,n,n,n,n,y,MENSIJA,"640,000"
Sunday,April,10,2016,n,y,n,n,n,MĠARR,"185,000"
Sunday,April,10,2016,n,n,n,n,n,MĠARR,"239,000"
Sunday,April,10,2016,n,y,y,n,n,MĠARR,"180,000"
Sunday,April,10,2016,n,y,y,n,n,MĠARR,"180,000"
Sunday,April,10,2016,n,y,y,n,n,MĠARR,"220,000"
Sunday,April,10,2016,y,y,n,n,n,MĠARR,"179,000"
Sunday,April,10,2016,n,n,n,y,n,MONTEROSA GARDENS,NaN
Sunday,April,10,2016,n,y,n,n,n,MOSTA,"237,000"
Sunday,April,10,2016,n,y,n,y,y,MOSTA,"275,000"
Sunday,April,10,2016,n,n,n,n,y,MOSTA,"735,000"
Sunday,April,10,2016,n,n,n,n,n,MOSTA,"640,000"
Sunday,April,10,2016,n,n,y,n,n,MOSTA,"347,000"
Sunday,April,10,2016,n,y,n,n,n,MOSTA,"249,000"
Sunday,April,10,2016,n,y,n,n,n,MOSTA,"165,000"
Sunday,April,10,2016,n,y,n,n,n,MOSTA,"137,000"
Sunday,April,10,2016,y,n,n,n,n,MOSTA,"153,700"
Sunday,April,10,2016,n,n,n,n,n,MOSTA,"820,000"
Sunday,April,10,2016,n,n,n,n,n,MOSTA,NaN
Sunday,April,10,2016,y,n,n,n,n,MOSTA,"185,000"
Sunday,April,10,2016,n,n,n,n,n,MOSTA,"177,000"
Sunday,April,10,2016,n,n,n,n,y,MOSTA,"275,000"
Sunday,April,10,2016,n,n,y,n,n,MOSTA,"160,000"
Sunday,April,10,2016,n,n,n,n,n,MOSTA,"130,000"
Sunday,April,10,2016,n,n,n,n,n,MOSTA,"270,000"
Sunday,April,10,2016,n,y,n,n,n,MOSTA,"171,000"
Sunday,April,10,2016,n,n,n,n,n,MOSTA,"320,000"
Sunday,April,10,2016,n,n,n,n,n,MOSTA,"275,000"
Sunday,April,10,2016,n,n,n,n,n,MOSTA,NaN
Sunday,April,10,2016,n,n,n,n,n,MOSTA,"137,000"
Sunday,April,10,2016,y,n,n,n,n,MOSTA,"159,000"
Sunday,April,10,2016,y,n,n,n,n,MOSTA,"200,000"
Sunday,April,10,2016,n,n,n,n,n,MOSTA,"247,000"
Sunday,April,10,2016,n,n,n,n,n,MOSTA,"425,000"
Sunday,April,10,2016,n,n,n,n,n,MOSTA,"140,000"
Sunday,April,10,2016,n,n,y,n,n,MOSTA,"350,000"
Sunday,April,10,2016,n,n,y,n,n,MOSTA,"290,000"
Sunday,April,10,2016,y,n,y,n,n,MOSTA,"190,000"
Sunday,April,10,2016,n,n,n,n,n,MOSTA,"299,000"
Sunday,April,10,2016,n,n,n,n,n,MOSTA,"244,500"
Sunday,April,10,2016,n,n,n,n,y,MOSTA,NaN
Sunday,April,10,2016,n,n,n,n,y,MOSTA,"325,000"
Sunday,April,10,2016,y,n,n,n,n,MOSTA,"130,000"
Sunday,April,10,2016,n,n,n,n,y,MOSTA,"372,000"
Sunday,April,10,2016,n,n,n,n,n,MOSTA,"230,000"
Sunday,April,10,2016,n,n,y,n,n,MOSTA,"170,000"
Sunday,April,10,2016,n,n,n,n,n,MOSTA,"170,000"
Sunday,April,10,2016,n,n,n,n,n,MOSTA,"350,000"
Sunday,April,10,2016,n,n,n,y,n,MQABBA,"185,000"
Sunday,April,10,2016,n,n,n,n,n,MQABBA,"266,000"
Sunday,April,10,2016,y,n,n,n,n,MRIEĦEL,"335,000"
Sunday,April,10,2016,n,n,y,n,n,MRIEĦEL,"985,000"
Sunday,April,10,2016,n,y,y,n,y,MRIEĦEL,"320,000"
Sunday,April,10,2016,n,y,n,n,n,MRIEĦEL,"179,000"
Sunday,April,10,2016,y,n,n,n,n,MSIDA CIRCUS,"115,000"
Sunday,April,10,2016,y,n,n,n,n,MSIDA,"115,000"
Sunday,April,10,2016,n,n,n,n,n,MSIDA,NaN
Sunday,April,10,2016,n,y,n,n,n,MSIDA,"133,000"
Sunday,April,10,2016,n,n,n,n,n,MSIDA,"360,000"
Sunday,April,10,2016,y,n,n,n,n,MSIDA,"700,000"
Sunday,April,10,2016,y,n,n,n,n,MSIDA,"350,000"
Sunday,April,10,2016,y,n,n,n,n,MSIDA,"580,000"
Sunday,April,10,2016,y,n,n,n,n,MSIDA,"191,000"
Sunday,April,10,2016,y,n,n,n,n,MSIDA,"145,000"
Sunday,April,10,2016,y,n,n,n,n,MSIDA,"117,500"
Sunday,April,10,2016,n,n,n,n,n,MSIDA,"125,000"
Sunday,April,10,2016,n,n,n,n,n,MSIDA,"115,000"
Sunday,April,10,2016,y,n,n,n,n,MSIDA,"125,000"
Sunday,April,10,2016,y,n,n,n,n,MSIDA,"130,000"
Sunday,April,10,2016,y,n,n,n,n,MSIDA,NaN
Sunday,April,10,2016,y,n,n,n,n,MSIDA,"155,000"
Sunday,April,10,2016,n,n,n,n,n, GŻIRA,"150,000"
Sunday,April,10,2016,n,n,n,n,n, PIETÀ,"750,000"
Sunday,April,10,2016,y,n,n,n,n, TA' XBIEX,"159,000"
Sunday,April,10,2016,n,n,n,n,n,NAXXAR,"230,000"
Sunday,April,10,2016,n,y,n,n,n,NAXXAR,"169,000"
Sunday,April,10,2016,n,y,n,n,n,NAXXAR,"178,000"
Sunday,April,10,2016,n,n,y,n,n,NAXXAR,NaN
Sunday,April,10,2016,n,n,y,n,n,NAXXAR,"445,000"
Sunday,April,10,2016,y,n,n,n,n,NAXXAR,"185,000"
Sunday,April,10,2016,y,n,n,n,n,NAXXAR,"135,000"
Sunday,April,10,2016,n,y,y,n,n,NAXXAR,"308,000"
Sunday,April,10,2016,y,n,n,n,n,NAXXAR,"220,000"
Sunday,April,10,2016,n,n,n,n,n,NAXXAR,"320,000"
Sunday,April,10,2016,n,n,y,n,n,NAXXAR,NaN
Sunday,April,10,2016,n,n,n,n,n,NAXXAR,"75,000"
Sunday,April,10,2016,y,n,n,n,n,NAXXAR,NaN
Sunday,April,10,2016,y,n,n,n,n, POINT,NaN
Sunday,April,10,2016,y,n,n,n,n,PAOLA,"100,000"
Sunday,April,10,2016,n,y,n,n,n,PAOLA,"119,000"
Sunday,April,10,2016,y,n,n,n,n,PAOLA,"102,000"
Sunday,April,10,2016,n,n,n,n,n,PAOLA,"105,000"
Sunday,April,10,2016,y,n,n,n,n,PAOLA,"69,000"
Sunday,April,10,2016,n,n,n,n,n, ,"73,000"
Sunday,April,10,2016,n,n,y,n,y,PEMBROKE,"575,000"
Sunday,April,10,2016,y,n,n,n,n,PENDER GARDENS,NaN
Sunday,April,10,2016,n,n,n,n,n,PIETÀ,"550,000"
Sunday,April,10,2016,y,n,n,n,n,PIETÀ,"280,000"
Sunday,April,10,2016,y,n,n,n,n,PORTOMASO,"1,350"
Sunday,April,10,2016,y,n,n,n,n,PORTOMASO,"420,000"
Sunday,April,10,2016,y,n,y,n,n,PWALES,"118,000"
Sunday,April,10,2016,y,n,n,n,n,QAWRA ,"97,000"
Sunday,April,10,2016,y,n,n,n,n,QAWRA,"145,000"
Sunday,April,10,2016,n,n,y,n,n,QAWRA,"445,000"
Sunday,April,10,2016,y,n,n,n,n,QAWRA,"120,000"
Sunday,April,10,2016,y,n,n,n,n,QAWRA,"76,300"
Sunday,April,10,2016,n,n,n,n,n,QAWRA,"335,000"
Sunday,April,10,2016,y,n,y,n,n,QAWRA,"263,000"
Sunday,April,10,2016,y,n,n,n,n,QAWRA,"127,000"
Sunday,April,10,2016,n,y,n,n,n,QAWRA,"117,000"
Sunday,April,10,2016,n,n,n,n,n,QAWRA,"80,000"
Sunday,April,10,2016,y,n,n,n,n,QAWRA,"140,000"
Sunday,April,10,2016,y,n,n,n,y,QAWRA,"100,000"
Sunday,April,10,2016,n,n,y,n,n,QAWRA,"550,000"
Sunday,April,10,2016,y,n,n,n,n,QAWRA,"540,000"
Sunday,April,10,2016,n,y,n,n,n,QAWRA,"148,000"
Sunday,April,10,2016,n,y,n,n,n,QAWRA,"168,000"
Sunday,April,10,2016,n,n,n,n,n,QAWRA,"120,000"
Sunday,April,10,2016,n,n,n,n,n,QAWRA,"185,000"
Sunday,April,10,2016,y,n,n,y,n,QAWRA,"86,000"
Sunday,April,10,2016,n,n,n,n,n,QORMI,"1,100"
Sunday,April,10,2016,y,n,n,n,n,QORMI,"135,800"
Sunday,April,10,2016,y,n,n,n,n,QORMI,"130,000"
Sunday,April,10,2016,n,n,n,n,n,QORMI,"318,000"
Sunday,April,10,2016,y,n,n,n,n,QORMI,"139,000"
Sunday,April,10,2016,y,n,n,n,n,QORMI,"135,000"
Sunday,April,10,2016,n,y,n,n,n,QORMI,"89,000"
Sunday,April,10,2016,n,y,y,n,n,QORMI,"110,000"
Sunday,April,10,2016,n,y,n,n,n,QRENDI,"250,000"
Sunday,April,10,2016,n,n,y,y,n,QRENDI,"250,000"
Sunday,April,10,2016,n,n,n,y,y,RABAT,NaN
Sunday,April,10,2016,n,n,y,n,n,RABAT,"36,000"
Sunday,April,10,2016,n,n,n,y,n,RABAT,"409,500"
Sunday,April,10,2016,n,n,n,n,n,RABAT,"774,000"
Sunday,April,10,2016,n,n,n,n,n,RABAT,"124,000"
Sunday,April,10,2016,n,n,n,n,n,RABAT,"190,000"
Sunday,April,10,2016,n,n,n,n,n,RABAT,"295,000"
Sunday,April,10,2016,n,n,n,n,y,SALINA,"750,000"
Sunday,April,10,2016,n,n,y,y,n,SAN ĠWANN,"635,000"
Sunday,April,10,2016,y,n,n,n,n,SAN ĠWANN,NaN
Sunday,April,10,2016,y,n,n,n,n,SAN ĠWANN,"140,000"
Sunday,April,10,2016,n,n,y,n,y,SAN ĠWANN,"436,000"
Sunday,April,10,2016,y,n,n,n,n,SAN ĠWANN,"92,000"
Sunday,April,10,2016,n,n,y,n,n,SAN ĠWANN,"300,000"
Sunday,April,10,2016,n,n,y,n,n,SAN ĠWANN,"140,000"
Sunday,April,10,2016,y,n,n,n,n,SAN ĠWANN,"126,000"
Sunday,April,10,2016,n,n,n,n,n,SAN ĠWANN,"250,000"
Sunday,April,10,2016,y,n,n,n,n,SAN ĠWANN,"143,500"
Sunday,April,10,2016,y,n,n,n,n,SAN ĠWANN,"149,000"
Sunday,April,10,2016,y,n,n,n,n,SAN PAWL TAT-TARĠA,"139,000"
Sunday,April,10,2016,y,n,n,n,n,SAN PAWL TAT-TARĠA,"190,000"
Sunday,April,10,2016,n,n,n,n,y,SAN PAWL TAT-TARĠA,"760,000"
Sunday,April,10,2016,n,n,n,n,n,SAN PAWL TAT-TARĠA,"610,000"
Sunday,April,10,2016,y,n,n,n,n,SAN PAWL TAT-TARĠA,"233,500"
Sunday,April,10,2016,y,n,n,n,n,SAN PAWL TAT-TARĠA,"207,000"
Sunday,April,10,2016,n,y,n,n,n,SAN PAWL TAT-TARĠA,"193,000"
Sunday,April,10,2016,n,n,y,y,y,SAN PAWL TAT-TARĠA,"850,000"
Sunday,April,10,2016,n,n,n,n,n,SAN PAWL TAT-TARĠA,"240,000"
Sunday,April,10,2016,n,y,n,n,n,SAN PAWL TAT-TARĠA,"266,000"
Sunday,April,10,2016,n,y,n,n,n,SAN PAWL TAT-TARĠA,"250,000"
Sunday,April,10,2016,n,n,n,n,n,SAN PAWL TAT-TARĠA,"220,000"
Sunday,April,10,2016,n,n,n,n,n,SENGLEA ,"389,000"
Sunday,April,10,2016,n,n,n,n,n,SIĠĠIEWI,"118,000"
Sunday,April,10,2016,n,n,n,n,n,SIĠĠIEWI,NaN
Sunday,April,10,2016,n,n,y,n,n,SLIEMA ,"115,000"
Sunday,April,10,2016,y,n,y,n,n,SLIEMA,"318,000"
Sunday,April,10,2016,y,n,n,n,n,SLIEMA,"490,000"
Sunday,April,10,2016,y,n,n,n,n,SLIEMA,"210,000"
Sunday,April,10,2016,n,n,n,n,n,SLIEMA,"660,000"
Sunday,April,10,2016,n,y,y,n,n,SLIEMA,"395,000"
Sunday,April,10,2016,n,n,n,n,n,SLIEMA,"143,000"
Sunday,April,10,2016,y,n,y,n,n,SLIEMA,"850,000"
Sunday,April,10,2016,y,n,n,n,n,SLIEMA,"570,000"
Sunday,April,10,2016,y,n,n,n,n,SLIEMA,"370,000"
Sunday,April,10,2016,n,y,y,n,n,SLIEMA,"375,000"
Sunday,April,10,2016,n,n,y,n,n,SLIEMA,"339,000"
Sunday,April,10,2016,n,n,n,n,n,SLIEMA,"395,000"
Sunday,April,10,2016,y,n,n,n,n,SLIEMA,"303,000"
Sunday,April,10,2016,y,n,n,n,n,SLIEMA,"275,000"
Sunday,April,10,2016,y,n,n,n,n,SLIEMA,"199,000"
Sunday,April,10,2016,n,n,n,n,n,SLIEMA,"1,100"
Sunday,April,10,2016,y,n,n,n,n,SLIEMA,"395,000"
Sunday,April,10,2016,y,n,n,n,n,SLIEMA,"199,000"
Sunday,April,10,2016,y,n,n,n,n,SLIEMA,"1,550"
Sunday,April,10,2016,y,n,y,n,n,SLIEMA,"645,000"
Sunday,April,10,2016,y,n,y,n,n,SLIEMA,"362,000"
Sunday,April,10,2016,y,n,y,n,n,SLIEMA,"260,000"
Sunday,April,10,2016,n,y,n,n,n,SLIEMA,"395,000"
Sunday,April,10,2016,y,n,n,n,n,SLIEMA,"360,000"
Sunday,April,10,2016,n,n,y,n,n,SLIEMA,"395,000"
Sunday,April,10,2016,y,n,n,n,n,SLIEMA,NaN
Sunday,April,10,2016,n,y,n,n,n,SLIEMA,"375,000"
Sunday,April,10,2016,n,y,n,n,n,SLIEMA,"249,000"
Sunday,April,10,2016,y,n,n,n,n,SLIEMA,"850,000"
Sunday,April,10,2016,y,n,n,n,n,SLIEMA,"140,000"
Sunday,April,10,2016,y,n,n,n,n,SLIEMA,"525,000"
Sunday,April,10,2016,n,n,n,n,n,SLIEMA,"500,000"
Sunday,April,10,2016,n,n,n,n,n,SLIEMA,NaN
Sunday,April,10,2016,y,n,y,n,n,SLIEMA,"650,000"
Sunday,April,10,2016,y,n,y,n,n,SLIEMA,"700,000"
Sunday,April,10,2016,y,n,n,n,n,SLIEMA,"850,000"
Sunday,April,10,2016,y,n,n,n,n,SLIEMA,"345,000"
Sunday,April,10,2016,n,n,y,y,y,SLIEMA,"685,000"
Sunday,April,10,2016,y,n,n,n,n,SLIEMA,NaN
Sunday,April,10,2016,y,n,n,n,n,SLIEMA,"680,000"
Sunday,April,10,2016,n,y,n,n,n,SLIEMA,"380,000"
Sunday,April,10,2016,n,n,n,n,n,SLIEMA,"450,000"
Sunday,April,10,2016,n,n,n,n,n,SLIEMA,NaN
Sunday,April,10,2016,y,n,n,n,n,SLIEMA,"199,000"
Sunday,April,10,2016,n,n,n,n,n,SLIEMA,"220,000"
Sunday,April,10,2016,y,n,n,n,n,SLIEMA,NaN
Sunday,April,10,2016,n,n,n,n,n,SLIEMA,"220,000"
Sunday,April,10,2016,n,n,y,n,y,SLIEMA,"300,000"
Sunday,April,10,2016,n,n,n,n,y,SLIEMA,"345,000"
Sunday,April,10,2016,y,n,n,n,n, GŻIRA,"230,000"
Sunday,April,10,2016,y,n,n,y,y,ST ANDREWS,"395,000"
Sunday,April,10,2016,n,n,n,n,n,ST JULIANS,"281,000"
Sunday,April,10,2016,y,n,n,n,n,ST JULIANS,"350,000"
Sunday,April,10,2016,y,n,n,n,n,ST JULIANS,"300,000"
Sunday,April,10,2016,y,n,n,n,n,ST JULIANS,"140,000"
Sunday,April,10,2016,n,n,y,n,n,ST JULIANS,"115,000"
Sunday,April,10,2016,n,n,n,n,n,ST JULIANS,"172,000"
Sunday,April,10,2016,n,n,n,n,n,ST JULIANS,"699,000"
Sunday,April,10,2016,n,n,y,n,n,ST JULIANS,"550,000"
Sunday,April,10,2016,n,n,n,n,n,ST JULIANS,"450,000"
Sunday,April,10,2016,n,n,n,n,n,ST JULIANS,"325,000"
Sunday,April,10,2016,y,n,n,n,n,ST JULIANS,NaN
Sunday,April,10,2016,y,n,n,n,n,ST JULIANS,"215,000"
Sunday,April,10,2016,n,n,y,n,n, ,"300,000"
Sunday,April,10,2016,y,n,n,n,n,ST JULIANS,"250,000"
Sunday,April,10,2016,y,n,n,n,n,ST JULIANS,"260,000"
Sunday,April,10,2016,n,n,n,n,n,ST JULIANS,"337,000"
Sunday,April,10,2016,n,n,y,n,n,ST JULIANS,"367,000"
Sunday,April,10,2016,n,n,n,n,n,ST JULIANS,"200,000"
Sunday,April,10,2016,y,n,n,n,n,ST JULIANS,"275,000"
Sunday,April,10,2016,y,n,n,n,n,ST JULIANS,"400,000"
Sunday,April,10,2016,y,n,n,n,n,ST JULIANS,"230,000"
Sunday,April,10,2016,n,n,n,n,n,ST JULIANS,"337,000"
Sunday,April,10,2016,y,n,n,n,n,ST JULIANS,"297,000"
Sunday,April,10,2016,y,n,n,n,n,ST JULIANS,"679,000"
Sunday,April,10,2016,n,n,n,n,y,ST JULIANS,"375,000"
Sunday,April,10,2016,n,n,n,n,n,ST JULIANS,"530,000"
Sunday,April,10,2016,n,n,n,n,n,ST PAUL' S BAY,"185,000"
Sunday,April,10,2016,y,n,n,n,n,ST PAUL' S BAY,"155,000"
Sunday,April,10,2016,y,n,n,n,n,ST PAUL' S BAY,"235,000"
Sunday,April,10,2016,n,n,n,n,n,ST PAUL' S BAY,"155,000"
Sunday,April,10,2016,n,n,y,n,n,ST PAUL' S BAY,"135,000"
Sunday,April,10,2016,n,y,n,n,n,ST PAUL' S BAY,"151,000"
Sunday,April,10,2016,y,n,n,n,n,ST PAUL' S BAY,"155,000"
Sunday,April,10,2016,y,n,n,n,n,ST PAUL' S BAY,"90,000"
Sunday,April,10,2016,n,y,n,n,n,ST PAUL' S BAY,"170,000"
Sunday,April,10,2016,y,n,n,n,n,ST PAUL' S BAY,"250,000"
Sunday,April,10,2016,y,n,n,n,n,ST PAUL' S BAY,"123,000"
Sunday,April,10,2016,n,n,y,n,n,ST PAUL' S BAY,"165,000"
Sunday,April,10,2016,y,n,n,n,n,ST PAUL' S BAY,"95,000"
Sunday,April,10,2016,y,n,n,n,n,ST PAUL' S BAY,"60,000"
Sunday,April,10,2016,n,n,y,n,n,ST PAUL' S BAY,"135,000"
Sunday,April,10,2016,n,n,n,n,n,ST PAUL' S BAY,"235,000"
Sunday,April,10,2016,y,y,n,n,n,ST PAUL' S BAY,"185,000"
Sunday,April,10,2016,y,n,n,n,n,ST PAUL' S BAY,"170,000"
Sunday,April,10,2016,y,n,n,n,n,ST PAUL' S BAY,"98,000"
Sunday,April,10,2016,n,n,n,n,n,ST PAUL' S,"210,000"
Sunday,April,10,2016,n,y,n,n,n,ST VENERA,"159,000"
Sunday,April,10,2016,y,n,n,n,n,ST VENERA,"115,000"
Sunday,April,10,2016,y,n,y,n,n,ST VENERA,"115,000"
Sunday,April,10,2016,n,n,n,n,n,ST VENERA,"110,000"
Sunday,April,10,2016,y,n,n,n,n,ST VENERA,"115,000"
Sunday,April,10,2016,y,n,n,n,n,ST VENERA,"110,000"
Sunday,April,10,2016,y,n,n,n,n,ST VENERA,"135,000"
Sunday,April,10,2016,y,n,n,n,n,ST VENERA,"115,000"
Sunday,April,10,2016,y,n,n,n,n,ST VENERA,"135,000"
Sunday,April,10,2016,y,n,n,n,n,ST VENERA,"148,000"
Sunday,April,10,2016,n,n,n,n,n,ST VENERA,"127,000"
Sunday,April,10,2016,n,y,n,n,n,ST VENERA,"130,000"
Sunday,April,10,2016,n,n,n,n,n,ST VENERA,"145,000"
Sunday,April,10,2016,y,n,n,n,n,ST VENERA,"110,000"
Sunday,April,10,2016,n,n,n,n,n,SWATAR,"372,000"
Sunday,April,10,2016,n,n,y,n,n,SWATAR,"360,000"
Sunday,April,10,2016,y,n,n,n,n,SWATAR,"225,000"
Sunday,April,10,2016,n,y,n,n,n,SWATAR,"100,000"
Sunday,April,10,2016,y,n,n,n,n,SWATAR,"150,000"
Sunday,April,10,2016,n,y,n,n,n,SWATAR,"160,000"
Sunday,April,10,2016,n,y,y,n,n,SWATAR,"220,000"
Sunday,April,10,2016,y,n,n,n,n,SWIEQI,"255,000"
Sunday,April,10,2016,n,n,n,y,n,SWIEQI,NaN
Sunday,April,10,2016,y,n,n,n,n,SWIEQI,"185,000"
Sunday,April,10,2016,n,y,n,n,n,SWIEQI,"250,000"
Sunday,April,10,2016,n,y,n,n,n,SWIEQI,"275,000"
Sunday,April,10,2016,n,n,n,n,n,SWIEQI,"180,000"
Sunday,April,10,2016,n,y,n,n,n,SWIEQI,"250,000"
Sunday,April,10,2016,n,y,n,n,n,SWIEQI,"206,500"
Sunday,April,10,2016,y,n,y,n,n,SWIEQI,NaN
Sunday,April,10,2016,n,y,n,n,n,SWIEQI,"260,000"
Sunday,April,10,2016,n,n,n,n,n,SWIEQI,"470,000"
Sunday,April,10,2016,y,n,y,n,n,SWIEQI,"263,000"
Sunday,April,10,2016,n,y,y,n,n,SWIEQI,"275,000"
Sunday,April,10,2016,n,y,y,n,n,SWIEQI,"275,000"
Sunday,April,10,2016,n,y,n,n,n,SWIEQI,"179,000"
Sunday,April,10,2016,n,y,y,n,n,SWIEQI,"235,000"
Sunday,April,10,2016,y,n,n,n,n,TA' GIORNI,"168,000"
Sunday,April,10,2016,n,n,y,n,n,TA' PARIS,"14,800"
Sunday,April,10,2016,y,n,n,n,n,TA' PARIS,"208,000"
Sunday,April,10,2016,y,n,n,n,n,TA' XBIEX,"250,000"
Sunday,April,10,2016,y,n,n,n,n,TA' XBIEX,"250,000"
Sunday,April,10,2016,n,n,y,n,n,TAL-IBRAĠ,"23,500"
Sunday,April,10,2016,y,n,n,y,n,TAL-IBRAĠ,NaN
Sunday,April,10,2016,n,n,y,n,n,TAL-IBRAĠ,"549,000"
Sunday,April,10,2016,n,n,n,n,n,TAL-IBRAĠ,"170,000"
Sunday,April,10,2016,n,y,n,n,n,TAL-IBRAĠ,"1,250"
Sunday,April,10,2016,y,n,y,y,n,TAL-IBRAĠ,"395,000"
Sunday,April,10,2016,y,n,n,n,n,TAL-IBRAĠ,"210,000"
Sunday,April,10,2016,n,n,n,n,n,TAL-IBRAĠ,"450,000"
Sunday,April,10,2016,n,y,y,n,n,TAL-IBRAĠ,"351,000"
Sunday,April,10,2016,n,y,n,n,n,TARXIEN,"35,000"
Sunday,April,10,2016,n,n,n,y,y,TARXIEN,"480,000"
Sunday,April,10,2016,y,n,n,n,n,TARXIEN,"97,500"
Sunday,April,10,2016,n,y,n,n,n,TARXIEN,"150,000"
Sunday,April,10,2016,n,y,n,n,n,TARXIEN,"244,000"
Sunday,April,10,2016,y,n,n,n,n,TARXIEN,"98,000"
Sunday,April,10,2016,n,y,n,n,n,TARXIEN,"80,000"
Sunday,April,10,2016,n,n,n,y,y,TARXIEN,"535,000"
Sunday,April,10,2016,y,n,n,n,n, POINT,"625,000"
Sunday,April,10,2016,y,n,n,y,n, POINT,"625,000"
Sunday,April,10,2016,y,n,n,n,n, POINT,"485,000"
Sunday,April,10,2016,n,n,n,n,n,VALLETTA,"340,000"
Sunday,April,10,2016,n,n,n,n,n,VALLETTA,"1,750"
Sunday,April,10,2016,n,n,n,n,n,VALLETTA,"147,000"
Sunday,April,10,2016,y,n,n,n,n,VALLETTA,"350,000"
Sunday,April,10,2016,n,n,n,n,n,VALLETTA,"1,000"
Sunday,April,10,2016,n,y,n,n,n,VALLETTA,NaN
Sunday,April,10,2016,n,y,n,n,n,VALLETTA,NaN
Sunday,April,10,2016,n,n,n,n,n,VALLETTA,"320,000"
Sunday,April,10,2016,y,n,n,n,n,VITTORIOSA ,"375,000"
Sunday,April,10,2016,n,n,n,n,n,VITTORIOSA ,"172,000"
Sunday,April,10,2016,n,n,n,n,n,VITTORIOSA ,"96,000"
Sunday,April,10,2016,n,n,n,n,n,XEMXIJA HEIGHTS,"185,000"
Sunday,April,10,2016,n,n,n,n,n,XEMXIJA,"110,000"
Sunday,April,10,2016,y,n,n,n,n,XEMXIJA,"193,000"
Sunday,April,10,2016,n,y,n,n,n,XEMXIJA,"266,000"
Sunday,April,10,2016,y,n,n,n,n,XEMXIJA,"199,000"
Sunday,April,10,2016,n,n,n,n,n,XGĦAJRA,"140,000"
Sunday,April,10,2016,n,n,n,n,n,XGĦAJRA,"97,000"
Sunday,April,10,2016,n,n,y,n,y,XGĦAJRA,"750,000"
Sunday,April,10,2016,y,n,n,n,n,XGĦAJRA,"85,000"
Sunday,April,10,2016,y,n,n,n,n,XGĦAJRA,"277,000"
Sunday,April,10,2016,y,n,n,n,n,XGĦAJRA,"115,000"
Sunday,April,10,2016,n,n,n,n,n,ŻABBAR,"150,000"
Sunday,April,10,2016,n,n,n,n,n,ŻABBAR,"125,000"
Sunday,April,10,2016,y,n,n,n,n,ŻABBAR,"99,000"
Sunday,April,10,2016,n,n,n,n,n,ŻABBAR,"157,000"
Sunday,April,10,2016,n,y,n,n,n,ŻABBAR,"128,000"
Sunday,April,10,2016,n,n,n,n,n,ŻABBAR,"157,000"
Sunday,April,10,2016,y,n,n,n,n,ŻABBAR,"88,500"
Sunday,April,10,2016,n,n,n,n,n,ŻABBAR,"187,500"
Sunday,April,10,2016,y,n,n,n,n,ŻABBAR,"98,000"
Sunday,April,10,2016,n,y,n,n,n,ŻABBAR,"225,000"
Sunday,April,10,2016,y,n,n,n,n,ŻEBBIEGĦ,"200,000"
Sunday,April,10,2016,n,y,y,n,n,ŻEBBUĠ,"265,000"
Sunday,April,10,2016,n,n,n,n,n,ŻEBBUĠ,"154,000"
Sunday,April,10,2016,n,n,n,n,n,ŻEBBUĠ,"399,000"
Sunday,April,10,2016,n,n,n,n,n,ŻEBBUĠ,"195,000"
Sunday,April,10,2016,y,n,y,n,n,ŻEBBUĠ,"123,000"
Sunday,April,10,2016,n,n,y,n,n,ŻEBBUĠ,"399,000"
Sunday,April,10,2016,n,n,n,n,n,ŻEBBUĠ,"785,000"
Sunday,April,10,2016,y,n,n,n,n,ŻEBBUĠ,"155,000"
Sunday,April,10,2016,n,n,y,n,n,ŻEBBUĠ,"327,000"
Sunday,April,10,2016,n,n,y,n,y,ŻEBBUĠ,"495,000"
Sunday,April,10,2016,n,n,n,n,n,ŻEBBUĠ,"175,000"
Sunday,April,10,2016,n,y,n,n,n,ŻEBBUĠ,"167,000"
Sunday,April,10,2016,y,n,n,n,n,ŻEJTUN,"80,000"
Sunday,April,10,2016,n,n,n,n,n,ŻEJTUN,"272,000"
Sunday,April,10,2016,n,n,n,n,n,ŻEJTUN,"195,000"
Sunday,April,10,2016,n,y,y,n,n,ŻEJTUN,"226,000"
Sunday,April,10,2016,n,n,n,y,n,ŻEJTUN,"380,000"
Sunday,April,10,2016,n,n,n,n,n,ŻEJTUN,"187,500"
Sunday,April,10,2016,y,n,n,n,n,ŻEJTUN,"135,000"
Sunday,April,10,2016,n,n,y,y,y,ŻEJTUN,"273,000"
Sunday,April,10,2016,n,n,y,n,n,ŻEJTUN,"184,000"
Sunday,April,10,2016,n,n,n,n,n,ŻEJTUN,"138,000"
Sunday,April,10,2016,n,n,n,n,n,ŻEJTUN,NaN
Sunday,April,10,2016,n,n,n,y,n,ŻURRIEQ,"418,000"
Sunday,April,10,2016,n,n,y,n,n,ŻURRIEQ,"380,000"
Sunday,April,10,2016,n,n,n,n,y,ŻURRIEQ,"365,000"
Sunday,April,10,2016,y,n,n,n,n,ŻURRIEQ,"135,000"
Saturday,April,9,2016,y,n,y,n,n,BURMARRAD,"235,000"
Saturday,April,9,2016,n,y,y,y,n,GOZO,"165,000"
Saturday,April,9,2016,n,n,n,n,y,GOZO,"340,000"
Saturday,April,9,2016,n,n,n,n,n,GOZO,"105,000"
Saturday,April,9,2016,n,n,n,y,y,GOZO,"189,000"
Saturday,April,9,2016,n,y,n,y,n,GOZO,"180,000"
Saturday,April,9,2016,y,y,y,n,n,GOZO,"179,000"
Saturday,April,9,2016,y,n,y,n,n,GOZO,"120,000"
Saturday,April,9,2016,n,y,y,n,n,LIJA,"230,000"
Saturday,April,9,2016,n,n,n,n,n,MARSASCALA,"485,000"
Saturday,April,9,2016,y,n,y,n,n,MELLIEĦA,"175,000"
Saturday,April,9,2016,y,n,n,n,n,MELLIEĦA,"129,900"
Saturday,April,9,2016,n,y,n,n,n,MĠARR,"221,000"
Saturday,April,9,2016,y,n,n,n,n,MOSTA,"131,000"
Saturday,April,9,2016,y,n,y,n,n,MOSTA,"420,000"
Saturday,April,9,2016,y,n,n,n,n,MOSTA,"180,000"
Saturday,April,9,2016,y,n,n,n,n,MSIDA CIRCLE,"109,000"
Saturday,April,9,2016,n,y,n,n,n,MTARFA,"285,000"
Saturday,April,9,2016,n,n,n,n,n,QAWRA,"185,000"
Saturday,April,9,2016,y,n,n,n,n,QAWRA,"120,000"
Saturday,April,9,2016,n,n,n,n,n,QAWRA,NaN
Saturday,April,9,2016,y,n,n,n,n,QAWRA,"108,000"
Saturday,April,9,2016,n,n,n,n,n,SANTA MARIA ESTATE,NaN
Saturday,April,9,2016,n,n,y,n,n,SLIEMA,"920,000"
Saturday,April,9,2016,y,n,n,n,n,ST JULIANS,"170,000"
Saturday,April,9,2016,y,n,n,n,n,ST PAUL' S BAY,"148,500"
Saturday,April,9,2016,n,n,y,n,n,SWIEQI ,"65,000"
Friday,April,8,2016,n,n,n,n,n,GOZO,"160,000"
Friday,April,8,2016,n,n,n,n,n,GOZO,"400,000"
Friday,April,8,2016,n,n,y,n,n,GOZO,"233,000"
Friday,April,8,2016,y,n,n,n,n,MARSASCALA,"165,000"
Friday,April,8,2016,y,n,n,n,n,NAXXAR,"135,000"
Friday,April,8,2016,n,n,n,n,n,SIĠĠIEWI,"110,000"
Friday,April,8,2016,n,n,y,n,n,ST JULIANS,"540,000"
Friday,April,8,2016,n,y,n,n,n,ST VENERA,"95,000"
Friday,April,8,2016,n,y,n,n,n,SWATAR,"100,000"
Friday,April,8,2016,y,n,n,n,n,SWIEQI,NaN
Friday,April,8,2016,y,n,n,n,n,SWIEQI,"200,000"
Thursday,April,7,2016,y,n,n,n,n,NAXXAR,"135,000"
Thursday,April,7,2016,y,n,n,n,n,PENDER GARDENS,NaN
Thursday,April,7,2016,n,n,y,n,n,SAN ĠWANN,"300,000"
Thursday,April,7,2016,n,n,n,n,n,SIĠĠIEWI,"110,000"
Thursday,April,7,2016,n,n,y,n,n,SLIEMA,"395,000"
Thursday,April,7,2016,y,n,n,n,n,SLIEMA,"525,000"
Thursday,April,7,2016,n,n,y,n,n,ST JULIANS,"367,000"
Thursday,April,7,2016,n,n,n,n,n,ST JULIANS,"170,000"
Thursday,April,7,2016,n,n,n,n,n, PACEVILLE,"950,000"
Thursday,April,7,2016,y,n,n,n,n,TAL-IBRAĠ,"260,000"
Thursday,April,7,2016,y,n,n,n,n, POINT,"485,000"
Wednesday,April,6,2016,n,y,y,n,n,BAĦAR IĊ-ĊAGĦAQ,"255,000"
Wednesday,April,6,2016,n,n,n,y,n,BIRGUMA,"690,000"
Wednesday,April,6,2016,y,n,n,n,n,BIRKIRKARA,"120,000"
Wednesday,April,6,2016,n,n,n,n,n,BUĠIBBA,"322,000"
Wednesday,April,6,2016,n,n,n,n,n,COSPICUA ,"139,000"
Wednesday,April,6,2016,n,n,n,n,n,FLORIANA,"144,000"
Wednesday,April,6,2016,y,n,n,n,n,GOZO,"53,000"
Wednesday,April,6,2016,n,n,n,n,n,GOZO,"165,000"
Wednesday,April,6,2016,n,n,n,n,n,GOZO,"260,000"
Wednesday,April,6,2016,y,n,n,n,n,GŻIRA,"145,000"
Wednesday,April,6,2016,y,n,n,n,n,MARSASCALA,"165,000"
Wednesday,April,6,2016,n,n,y,n,n,MĠARR,"235,000"
Wednesday,April,6,2016,n,n,n,n,n,MOSTA,"415,500"
Wednesday,April,6,2016,n,n,n,n,n,MOSTA,"350,000"
Wednesday,April,6,2016,y,n,n,n,n,NAXXAR,"135,000"
Wednesday,April,6,2016,n,n,n,n,n,NAXXAR,"340,000"
Wednesday,April,6,2016,n,n,n,n,n,QAWRA,"169,000"
Wednesday,April,6,2016,y,n,n,n,n,ST JULIANS,"140,000"
Wednesday,April,6,2016,n,n,y,n,n,ST JULIANS,"115,000"
Wednesday,April,6,2016,y,n,y,n,n,ST JULIANS,"385,000"
Wednesday,April,6,2016,n,n,y,n,n,ST JULIANS,"540,000"
Wednesday,April,6,2016,n,n,y,n,n,ST JULIANS,"367,000"
Wednesday,April,6,2016,n,n,y,n,n,ST PAUL' S BAY,"315,000"
Wednesday,April,6,2016,n,n,n,n,n,ST PAUL' S,"210,000"
Wednesday,April,6,2016,n,y,n,n,n,ST VENERA,"95,000"
Wednesday,April,6,2016,n,n,y,n,n,ST VENERA,"132,000"
Wednesday,April,6,2016,y,n,n,n,n,SWIEQI,NaN
Wednesday,April,6,2016,y,n,n,n,n,SWIEQI,"375,000"
Wednesday,April,6,2016,n,n,n,n,n,TAL-IBRAĠ,"380,000"
Wednesday,April,6,2016,n,n,n,n,n,VALLETTA,"1,750"
Tuesday,April,5,2016,y,n,n,n,n,MSIDA,"120,000"
Tuesday,April,5,2016,y,n,n,n,n,NAXXAR,"135,000"
Tuesday,April,5,2016,n,n,n,n,n,ŻEJTUN,"168,000"
Monday,April,4,2016,n,n,n,n,n,GOZO,"150,000"
Monday,April,4,2016,n,n,n,n,n,NaN,NaN
Monday,April,4,2016,n,n,n,n,n, PACEVILLE,"950,000"
Monday,April,4,2016,n,n,n,n,n,ŻEJTUN,"168,000"
